231,233,9,0.0,0.0,1.4444442,0.74074095,1.1666664,0.34444440000000004,12.592592,8.888889,11.888889,17.0,-11.111111,-2.1111112000000003,13.222222,17.0,0.47822163,2.4915802000000005,GRASS
140,181,9,0.11111111,0.0,0.8333333,0.47777775,1.2777777,1.7074063000000002,19.296297,15.444445000000002,18.444445,24.0,-11.555555,-2.5555556,14.111111,24.0,0.35766809999999993,2.4584713,GRASS
254,159,9,0.0,0.0,3.5555553,7.5407399999999996,14.833332999999998,152.7,36.62963,31.333334000000004,46.22222,32.333335999999996,-15.888889,28.777779,-12.888889,46.22222,0.29484537,-2.316872,PATH
33,90,9,0.11111111,0.0,0.49999985,0.4082481,1.8333335,0.5477228,16.666666,11.888889,25.777779000000002,12.333333,-14.333332999999998,27.333334000000004,-13.0,25.777779000000002,0.53911555,-2.1259756000000003,WINDOW
162,94,9,0.0,0.0,9.611112,39.262947,0.55555576,0.25185204,15.370370000000001,10.666667,23.777779000000002,11.666667,-14.111111,25.222220999999998,-11.111111,23.777779000000002,0.59959364,-2.1427560000000003,WINDOW
187,89,9,0.0,0.0,3.0,1.6055458,1.111111,1.0680546999999998,8.444445,6.3333335,13.0,6.0,-6.3333335,13.666667000000002,-7.333333500000001,13.0,0.548545,-2.0438845000000003,WINDOW
197,161,9,0.0,0.0,1.9999996,5.5555515,11.5,99.63333,42.37037,36.88889,51.666668,38.555557,-16.444445,27.888890000000004,-11.444445,51.77778,0.27503988,-2.395566,PATH
146,124,9,0.0,0.0,0.4999999,0.16666664,0.38888875,0.107407376,6.037037000000001,7.4444447,7.333333500000001,3.3333333,4.222222299999999,3.8888887999999997,-8.111111,7.666666499999999,0.56349206,-1.0247301,BRICKFACE
186,218,9,0.0,0.0,1.1666666,0.74444425,1.1666665,0.65555507,13.703704,10.666667,12.666667,17.777779000000002,-9.111111,-3.1111112000000003,12.222222,17.777779000000002,0.40134683,2.3826834999999997,GRASS
76,200,9,0.0,0.0,2.7777786,0.77936363,4.3333325,2.8828998,56.370369999999994,50.444443,69.66667,49.0,-17.777779000000002,39.88889,-22.11111,69.66667,0.29683578,-2.0211716,PATH
182,186,9,0.11111111,0.0,3.666666,2.0439608,1.7777767,1.2412661,48.444443,43.77778,59.88889,41.666668,-14.0,34.333332,-20.333334,59.88889,0.30452195,-1.9730555,PATH
174,115,9,0.0,0.0,2.444444,3.407407,3.6666663,12.266669,29.481482,23.11111,40.11111,25.222220999999998,-19.11111,31.888890000000004,-12.777778,40.11111,0.42149335,-2.2186553,WINDOW
160,168,9,0.0,0.0,1.5,1.1498788999999998,0.6666663,0.47140402,25.11111,20.88889,23.0,31.444445,-12.666667,-6.3333335,19.0,31.444445,0.33538613,2.302124,GRASS
188,186,9,0.0,0.0,0.88888836,0.1629624,0.77777797,0.2074075,18.518518,15.333332999999998,18.222220999999998,22.0,-9.555555,-0.8888889000000001,10.444445,22.0,0.30188268,2.5873964,GRASS
2,44,9,0.0,0.0,2.1666672,2.3888876,2.3888896,1.5296285,18.74074,17.333334,25.222220999999998,13.666667000000002,-4.222222299999999,19.444445,-15.222222,25.222220999999998,0.45768142,-1.7537255,BRICKFACE
56,243,9,0.0,0.0,2.2222223,5.2740730000000005,2.5555556,0.8296290000000001,6.4814815999999995,5.111111,4.888889,9.444445,-4.111111,-4.777777700000001,8.888889,9.444445,0.52543694,2.0336287,GRASS
88,180,9,0.0,0.0,1.4999993999999999,0.93689823,3.833332,2.888675,50.407406,45.22222,62.33333199999999,43.666668,-15.555554999999998,35.77778,-20.222220999999998,62.33333199999999,0.3009182,-2.0087192,PATH
183,185,9,0.0,0.0,2.8888881,1.4246495000000001,5.7777769999999995,5.556445,44.962963,40.666668,55.0,39.22222,-12.888889,30.111109999999996,-17.222220999999998,55.0,0.28574014,-2.0049881999999997,PATH
90,111,9,0.0,0.0,1.6666666,1.4666656,1.333333,1.0222224,18.62963,19.777779000000002,22.222220999999998,13.888889,3.4444443999999996,10.777778,-14.222222,22.222220999999998,0.37431172,-1.3337921999999998,BRICKFACE
128,196,9,0.0,0.0,1.666667,1.2444435,1.8888886999999999,3.8518529999999997,19.62963,15.666667000000002,18.555555,24.666666,-11.888889,-3.2222223,15.111111,24.666666,0.36529657,2.4373392999999997,GRASS
117,246,9,0.0,0.0,2.277778,5.618517400000001,2.6666665000000003,5.866666,15.444445000000002,12.0,14.333332999999998,20.0,-10.333333,-3.3333333,13.666667000000002,20.0,0.3959547,2.395692,GRASS
76,64,9,0.0,0.0,2.2222223,5.4962974,2.8888884,4.3407397,23.62963,21.777779000000002,31.222221,17.88889,-5.5555553,22.777779000000002,-17.222220999999998,31.222221,0.42481935,-1.7567120999999999,BRICKFACE
90,134,9,0.0,0.0,0.5555555999999999,0.34074077,1.0555555,0.37407416,2.6666667,1.0,6.111111,0.8888889000000001,-5.0,10.333333,-5.3333335,6.111111,0.87610227,-2.0712416,WINDOW
217,115,9,0.0,0.0,1.1666666,0.34444454,0.5555555,0.38518524,1.8888888,0.22222222,4.6666669999999995,0.7777778000000001,-5.0,8.333333,-3.3333333,4.6666669999999995,0.9629629999999999,-2.2166037999999997,FOLIAGE
85,225,9,0.0,0.0,1.5,1.0055401,1.6111113000000001,1.2895594,16.185184,14.444445000000002,12.777778,21.333334,-5.222222299999999,-10.222222,15.444445000000002,21.333334,0.40115124,1.8910155,GRASS
115,202,9,0.11111111,0.0,1.611111,0.24074046,2.388889,2.596295,15.148148999999998,11.666667,14.0,19.777779000000002,-10.444445,-3.4444443999999996,13.888889,19.777779000000002,0.40993193,2.401137,GRASS
43,141,9,0.0,0.0,0.44444442,0.17213267,0.16666667,0.18257418,0.7777778000000001,0.0,2.3333334999999997,0.0,-2.3333333,4.6666665,-2.3333333,2.3333334999999997,1.0,-2.0943952,WINDOW
108,146,9,0.0,0.0,0.0,0.0,0.0,0.0,0.0,0.0,0.0,0.0,0.0,0.0,0.0,0.0,0.0,0.0,FOLIAGE
123,94,9,0.0,0.0,0.50000066,0.07777796,0.8333333,0.033333335,21.444445,16.88889,30.444445,17.0,-13.666667000000002,27.0,-13.333332999999998,30.444445,0.45218220000000003,-2.1009657,WINDOW
137,182,9,0.0,0.0,1.8333334,3.8555553,3.6111107000000002,9.218522,34.925926000000004,31.444445,42.88889,30.444445,-10.444445,23.88889,-13.444445000000002,42.88889,0.28575617,-2.0011246,PATH
134,194,9,0.0,0.0,2.6111107000000002,1.218682,5.222222,4.4355459999999995,58.962963,52.88889,71.55556,52.44444300000001,-18.222220999999998,37.77778,-19.555555,71.55556,0.27344358,-2.0818913,PATH
145,163,9,0.0,0.0,3.1111114,13.496301,18.666666,27.244466999999997,39.444443,34.0,47.77778,36.555557,-16.333334,25.0,-8.666667,48.11111,0.28153613,-2.4253242000000004,PATH
105,193,9,0.0,0.0,3.222222,1.9051596999999998,2.8888892999999998,2.1773255000000002,60.11111,53.11111,75.111115,52.11111,-21.0,45.0,-24.0,75.111115,0.30846536,-2.047766,PATH
95,95,9,0.0,0.0,0.72222227,0.8185186,1.111111,0.25185192,6.4814815999999995,2.3333334999999997,12.555555,4.5555553,-12.444445,18.222220999999998,-5.777777700000001,12.555555,0.816909,-2.322295,FOLIAGE
94,215,9,0.0,0.0,3.1111114,5.096295400000001,1.6111113000000001,1.1296293,17.185184,14.333332999999998,14.333332999999998,22.88889,-8.555555,-8.555555,17.11111,22.88889,0.40439179999999997,2.1051967,GRASS
142,163,9,0.0,0.0,1.4999993999999999,0.87777835,17.666666,3.2444987000000003,40.444443,35.0,48.555557,37.77778,-16.333334,24.333334,-8.0,48.555557,0.2689782,-2.3927407000000005,PATH
188,190,9,0.0,0.0,1.9444447,0.9756285,2.055556,1.1038649999999999,48.88889,44.22222,60.0,42.444443,-14.0,33.333332,-19.333334,60.0,0.29230747,-1.9863075000000001,PATH
180,179,9,0.0,0.0,2.2777784,2.5074107999999997,4.555556,7.274074000000001,35.48148,31.333334000000004,44.11111,31.0,-12.444445,25.88889,-13.444445000000002,44.11111,0.30116582,-2.0752,PATH
190,188,9,0.0,0.0,2.0000006999999997,1.5634716999999998,2.2777773999999997,1.7815938000000002,49.703705,44.666668,61.77778000000001,42.666668,-15.111111,36.22222,-21.11111,61.77778000000001,0.30923617,-1.9845647000000002,PATH
113,132,9,0.0,0.0,0.44444442,0.3442652,0.38888887,0.5340273,1.2962962,0.0,3.4444443999999996,0.44444445,-3.8888887999999997,6.4444447,-2.5555556,3.4444443999999996,1.0,-2.204847,FOLIAGE
27,50,9,0.0,0.0,1.0555557,0.46296322,1.0000004,0.48888907,23.037036999999998,21.666666,30.0,17.444445,-4.111111,20.88889,-16.777779000000002,30.0,0.41874644,-1.7412539,BRICKFACE
39,246,9,0.11111111,0.0,2.277778,3.2629633,1.8333334,2.4333339,15.370370000000001,12.555555,13.111111,20.444445,-8.444445,-6.777777700000001,15.222222,20.444445,0.39383870000000004,2.170543,GRASS
140,124,9,0.0,0.0,1.0,0.44444454,1.1111111999999999,1.0518516000000002,2.5185183999999996,0.22222222,6.111111,1.2222222,-6.888889,10.777778,-3.8888887999999997,6.111111,0.97376543,-2.267462,FOLIAGE
135,211,9,0.0,0.0,1.8888884999999997,1.3277655000000002,2.1666662999999997,1.1498788999999998,17.962963000000002,14.444445000000002,16.333334,23.11111,-10.555555,-4.888889,15.444445000000002,23.11111,0.37555233,2.3275452000000003,GRASS
222,93,9,0.0,0.0,1.7222223,0.0629626,0.16666669,0.033333343,2.4444444,1.0,5.4444447,0.8888889000000001,-4.3333335,9.0,-4.6666665,5.4444447,0.8783950999999999,-2.0750706,WINDOW
85,101,9,0.0,0.0,1.3333334,1.2888881,1.2777777,1.2185181,21.296297,21.222220999999998,26.777779,15.888889,-0.22222222,16.444445,-16.222220999999998,26.777779,0.4047922,-1.5585992,BRICKFACE
137,163,9,0.0,0.0,1.4444441000000001,0.78518575,18.888887,5.5407553,39.296295,33.77778,47.555557,36.555557,-16.555555,24.777779000000002,-8.222222,47.555557,0.28481323,-2.3952131000000003,PATH
161,144,9,0.0,0.0,0.0,0.0,0.0,0.0,0.0,0.0,0.0,0.0,0.0,0.0,0.0,0.0,0.0,0.0,WINDOW
6,174,9,0.0,0.0,1.8888888,1.0074060999999999,2.8888886,4.0296297,19.074074,15.111111,17.777779000000002,24.333334,-11.888889,-3.8888887999999997,15.777778,24.333334,0.38186744,2.3950183,GRASS
86,187,9,0.0,0.0,1.1111108,0.7200825,1.4444445,0.750309,13.740741,11.666667,10.333333999999999,19.222220999999998,-6.222222299999999,-10.222222,16.444445,19.222220999999998,0.46332908,1.9414648999999997,GRASS
32,95,9,0.0,0.0,1.2777776,1.0407408,2.2222223,3.096295,3.148148,0.7777778000000001,7.4444447,1.2222222,-7.111111,12.888889,-5.777777700000001,7.4444447,0.9195971,-2.1519582,FOLIAGE
14,138,9,0.0,0.0,0.50000006,0.12222217,0.50000006,0.077777766,4.962962999999999,6.777777700000001,5.4444447,2.6666667,5.4444447,1.4444443999999999,-6.888889,6.777777700000001,0.6038359999999999,-0.72289366,BRICKFACE
153,208,9,0.0,0.0,2.4444444,2.4296279999999997,1.9444442,3.0851857999999996,16.851851999999997,13.0,16.0,21.555555,-11.555555,-2.5555556,14.111111,21.555555,0.3969092,2.4832914,GRASS
140,116,9,0.0,0.0,0.94444495,0.28518537,0.8888893,0.074074045,22.11111,21.333334,28.111109999999996,16.88889,-2.3333333,18.0,-15.666667000000002,28.111109999999996,0.39844838,-1.6703143,BRICKFACE
239,143,9,0.0,0.0,0.33333328,0.04444445,0.6666667,0.1333334,4.5185184000000005,6.111111,5.4444447,2.0,4.777777700000001,2.7777777,-7.5555553,6.111111,0.67407405,-0.8782905000000001,BRICKFACE
98,126,9,0.0,0.0,1.0555555,0.71232533,0.9444444,0.49065322,2.7777777,0.5555555999999999,5.222222299999999,2.5555556,-6.666666499999999,7.333333500000001,-0.6666667,5.222222299999999,0.90899473,-2.5365142999999994,FOLIAGE
68,107,9,0.11111111,0.0,1.111111,3.1407404,1.111111,2.5629632,1.7777778000000002,0.22222222,4.5555553,0.5555555999999999,-4.6666665,8.333333,-3.6666667,4.5555553,0.9814815,-2.146531,FOLIAGE
75,122,9,0.0,0.0,0.72222227,0.24074064,0.8333333,0.38888904,1.5925926000000001,0.0,4.4444447,0.33333334,-4.777777700000001,8.555555,-3.7777777,4.4444447,1.0,-2.1535992999999998,FOLIAGE
237,83,9,0.0,0.0,0.7222223000000001,0.41851845,5.8333335,20.922216,9.888889,6.0,17.0,6.666666499999999,-11.666667,21.333334,-9.666667,17.0,0.6765810999999999,-2.1502569,WINDOW
245,176,9,0.0,0.0,1.0000006,0.5163979999999999,1.0,0.5577736,18.481482,15.111111,17.0,23.333334,-10.111111,-4.4444447,14.555554999999998,23.333334,0.35206997,2.332243,GRASS
71,180,9,0.11111111,0.0,1.222222,0.5629625,3.0,1.8666646,22.333334,18.333334,21.444445,27.222221,-12.0,-2.6666667,14.666667000000002,27.222221,0.32738259999999997,2.4538307,GRASS
169,104,9,0.0,0.0,1.5555555,1.7722139,5.611111,2.2550343999999996,18.518518,16.0,23.333334,16.222223,-7.5555553,14.444445000000002,-6.888889,23.333334,0.31471258,-2.1139183,WINDOW
85,124,9,0.0,0.0,1.2222226999999999,0.93491936,2.3888892999999998,1.6788442,14.666667000000002,7.5555553,24.11111,12.333333,-21.333334,28.333334000000004,-7.0,24.11111,0.6911225999999999,-2.3966818,FOLIAGE
225,181,9,0.0,0.0,1.1666666,0.86281204,1.8333327000000001,1.3291601999999998,55.33333199999999,49.0,68.77778,48.22222,-19.0,40.333332,-21.333334,68.77778,0.30000642,-2.0531886000000004,PATH
97,186,9,0.0,0.0,1.1666671,0.6912147,1.1666671,1.0055404000000001,15.592592000000002,13.888889,11.777778,21.11111,-5.111111,-11.444445,16.555555,21.11111,0.44266057,1.8636538,GRASS
143,114,9,0.0,0.0,1.5,0.80966365,0.38888870000000003,0.38968200000000003,27.185184000000003,23.0,34.444447,24.11111,-12.555555,21.777779000000002,-9.222222,34.444447,0.33188802,-2.196423,WINDOW
173,219,9,0.0,0.0,2.7777777,3.4962970999999996,2.8333333,6.611112599999999,5.5925927,4.111111,4.3333335,8.333333999999999,-4.4444447,-3.7777777,8.222222,8.333333999999999,0.56125355,2.1483634,GRASS
10,196,9,0.0,0.0,1.2222217,1.0470414000000001,0.9999996999999999,0.8432735,15.333332999999998,14.111111,11.444445,20.444445,-3.6666667,-11.666667,15.333332999999998,20.444445,0.4405804,1.7891669999999997,GRASS
252,176,9,0.0,0.11111111,1.8888886999999999,1.1482687,5.0555553,2.8551450000000003,52.925926000000004,46.333332,67.0,45.444443,-19.777779000000002,42.22222,-22.444445,67.0,0.32042044,-2.0516355,PATH
88,115,9,0.0,0.0,1.666667,1.8222212,4.1666669999999995,4.2111125,22.037036999999998,21.333334,28.0,16.777779000000002,-2.1111112000000003,17.88889,-15.777778,28.0,0.3973624,-1.6195486000000001,BRICKFACE
187,134,9,0.11111111,0.0,2.9999998,2.0444458,1.1111116,0.38518462,26.703703000000004,20.333334,37.444443,22.333334,-19.11111,32.22222,-13.111111,37.444443,0.45775157,-2.2164599999999997,WINDOW
115,138,9,0.0,0.0,0.33333334,0.08888889999999999,0.33333334,0.17777779999999999,0.7777778000000001,0.0,2.3333334999999997,0.0,-2.3333333,4.6666665,-2.3333333,2.3333334999999997,1.0,-2.0943952,FOLIAGE
103,216,9,0.0,0.0,0.88888884,0.6518517,2.1666662999999997,1.1444442,14.555554999999998,10.888889,13.666667000000002,19.11111,-11.0,-2.6666667,13.666667000000002,19.11111,0.43169576,2.4475467,GRASS
250,172,9,0.0,0.0,0.9444442,0.5074071,1.3333334,0.7111102,16.074074,12.333333,15.0,20.88889,-11.222222,-3.2222223,14.444445000000002,20.88889,0.40983546,2.4177017000000003,GRASS
211,139,9,0.0,0.0,0.33333334,0.08888889999999999,0.27777782,0.06296302,5.222222299999999,3.2222223,9.555555,2.8888887999999997,-6.0,13.0,-7.0,9.555555,0.69660497,-2.04457,WINDOW
122,91,9,0.0,0.0,2.2222223,2.029629,2.1666662999999997,1.2777776,22.481482,22.0,28.777779,16.666667999999998,-1.4444443999999999,18.88889,-17.444445,28.777779,0.420716,-1.6304086000000002,BRICKFACE
110,196,9,0.0,0.11111111,3.666666,1.8618978,6.888888000000001,4.861030599999999,52.481480000000005,46.88889,65.0,45.555557,-16.777779000000002,37.555557,-20.777779000000002,65.0,0.29762968,-2.0225987,PATH
33,142,9,0.0,0.0,0.11111113,0.029629637,0.11111113,0.029629637,0.037037037,0.0,0.11111111,0.0,-0.11111111,0.22222222,-0.11111111,0.11111111,0.11111111,-2.0943952,FOLIAGE
42,63,9,0.11111111,0.0,1.5000003999999998,1.0999995,1.9444441000000003,2.462962,22.37037,20.333334,29.666665999999996,17.11111,-6.111111,21.88889,-15.777778,29.666665999999996,0.42265132,-1.8138857,BRICKFACE
65,75,9,0.0,0.0,0.611111,0.32963000000000003,0.72222203,0.19629599,21.333334,21.11111,27.111109999999996,15.777778,-0.6666667,17.333334,-16.666666,27.111109999999996,0.41704598,-1.5901641000000002,BRICKFACE
31,96,9,0.0,0.0,2.3333333,3.6,2.7777777,6.162962,3.7777777,1.0,8.0,2.3333334999999997,-8.333333,12.666667,-4.3333335,8.0,0.90923554,-2.268209,FOLIAGE
26,67,9,0.11111111,0.0,1.0,0.8888903,2.4444447,3.1851847,20.0,19.555555,25.88889,14.555554999999998,-1.3333334,17.666666,-16.333334,25.88889,0.43693919999999997,-1.6232022,BRICKFACE
20,137,9,0.0,0.0,0.11111113,0.029629631,0.27777782,0.018518519,0.22222222,0.0,0.6666667,0.0,-0.6666667,1.3333334,-0.6666667,0.6666667,0.6666667,-2.0943952,FOLIAGE
230,124,9,0.0,0.0,0.27777779999999996,0.10740743,0.27777779999999996,0.15185183,0.6666667,0.0,2.0,0.0,-2.0,4.0,-2.0,2.0,1.0,-2.0943952,FOLIAGE
66,101,9,0.11111111,0.0,0.7222225999999999,0.32962933,2.2222223,0.6518524,19.037036999999998,19.666667999999998,23.555555,13.888889,1.8888888,13.555554999999998,-15.444445000000002,23.555555,0.41026655,-1.4575915000000002,BRICKFACE
23,113,9,0.0,0.0,0.72222203,0.9962958000000001,2.777778,2.7851818,14.703704,17.11111,16.88889,10.111111,7.222222299999999,6.5555553,-13.777778,18.333334,0.45135929999999996,-0.97570044,BRICKFACE
69,139,9,0.0,0.0,2.8333328,1.7732588,2.1111112000000003,1.6688870999999998,18.074074,16.0,22.555555,15.666667000000002,-6.222222299999999,13.444445000000002,-7.222222299999999,23.88889,0.38661182,-1.7028333999999998,FOLIAGE
96,80,9,0.11111111,0.0,1.5555557,4.1629629999999995,2.5000002,1.9,26.0,24.0,34.444447,19.555555,-6.0,25.333334,-19.333334,34.444447,0.4324709,-1.7735944,BRICKFACE
122,106,9,0.11111111,0.0,1.611111,0.59629595,1.6111113000000001,2.7296302000000003,23.037036999999998,22.0,29.888890000000004,17.222223,-3.1111112000000003,20.555555,-17.444445,29.888890000000004,0.42334643,-1.6958038,BRICKFACE
71,125,9,0.0,0.0,0.6666667,0.47140455,0.7222223000000001,0.49065357,16.407408,12.444445,23.666666,13.111111,-11.888889,21.777779000000002,-9.888889,25.333334,0.56104016,-1.7934027,FOLIAGE
137,141,9,0.0,0.0,0.055555562999999995,0.13608278,0.055555556,0.13608277,0.037037037,0.0,0.11111111,0.0,-0.11111111,0.22222222,-0.11111111,0.11111111,0.11111111,-2.0943952,WINDOW
80,95,9,0.0,0.0,1.2222223,1.0074079,0.9444440000000001,0.5518514,21.407408,21.333334,26.666665999999996,16.222223,-0.22222222,15.777778,-15.555554999999998,26.666665999999996,0.39043593,-1.5673273,BRICKFACE
223,185,9,0.0,0.0,0.5,0.34960312,2.3888886,2.0807757,12.962963,11.555555,9.777778,17.555555,-4.222222299999999,-9.555555,13.777778,17.555555,0.44541803,1.8388497,GRASS
61,92,9,0.0,0.0,1.2777777,1.0628407,0.55555534,0.6206325,17.25926,12.888889,25.777779000000002,13.111111,-13.111111,25.555555,-12.444445,25.777779000000002,0.49969473,-2.11184,WINDOW
225,58,9,0.0,0.0,0.3333335,0.42163706,0.44444449999999996,0.34426522,8.333333,5.5555553,14.111111,5.3333335,-8.333333,17.333334,-9.0,14.111111,0.62222224,-2.0685637,WINDOW
35,107,9,0.0,0.0,10.222221000000001,14.967619000000001,9.833333,17.547079999999998,9.518517999999998,7.333333500000001,12.222222,9.0,-6.5555553,8.111111,-1.5555556000000001,12.222222,0.6749559,-2.4929647,FOLIAGE
83,114,9,0.0,0.0,1.388889,1.129629,1.9444443,0.59629667,19.851851999999997,20.0,24.666666,14.888889,0.44444445,14.444445000000002,-14.888889,24.666666,0.39496386,-1.5086578000000002,BRICKFACE
92,121,9,0.0,0.0,1.4444445,1.8216801999999999,2.0555556,2.0593057,14.962963,9.555555,23.444445,11.888889,-16.222220999999998,25.444445,-9.222222,23.444445,0.5964221,-2.2353554,FOLIAGE
161,136,9,0.0,0.0,0.6111111,0.19629627,0.44444442,0.074074,5.6296295999999995,7.111111,6.4444447,3.3333333,4.4444447,2.4444444,-6.888889,7.222222299999999,0.53571427,-0.8965325999999999,BRICKFACE
149,163,9,0.0,0.0,2.6111107000000002,12.151846,14.0,48.8889,41.666668,35.444447,51.333332,38.22222,-18.666666,29.0,-10.333333,51.333332,0.29754734,-2.384441,PATH
121,60,9,0.0,0.0,2.277778,2.329629,2.888889,2.8740742000000004,26.740740000000002,24.666666,35.22222,20.333334,-6.222222299999999,25.444445,-19.222220999999998,35.22222,0.4223002,-1.776113,BRICKFACE
177,33,9,0.0,0.0,1.6666666,1.577621,4.3333335,2.9739609000000002,8.740741,6.4444447,13.111111,6.666666499999999,-6.888889,13.111111,-6.222222299999999,13.111111,0.547103,-2.0561194,WINDOW
97,130,9,0.0,0.0,0.72222215,0.50740737,1.0555556000000001,0.685185,5.851852,7.333333500000001,6.888889,3.3333333,4.4444447,3.1111112000000003,-7.5555553,7.666666499999999,0.5701058000000001,-0.96304834,BRICKFACE
172,140,9,0.0,0.0,3.0,0.42163622,0.6666666,0.42163697,3.2222223,2.6666667,5.0,2.0,-1.6666666,5.3333335,-3.6666667,5.0,0.65608466,-1.8531612000000002,WINDOW
239,174,9,0.0,0.0,2.0000006999999997,1.4452988000000002,1.3888886999999999,0.85418344,57.851852,50.444443,73.22222,49.88889,-22.222220999999998,46.11111,-23.88889,73.22222,0.32026085,-2.069045,PATH
228,90,9,0.0,0.0,1.8333334,2.2085692999999997,2.2222223,2.4645634,16.851851999999997,12.888889,24.444445,13.222222,-11.888889,22.777779000000002,-10.888889,24.444445,0.47554862,-2.1227303,WINDOW
227,196,9,0.0,0.0,2.6111114,2.360949,3.5555565000000002,1.6953093999999997,47.185184,42.11111,58.22221999999999,41.22222,-15.222222,33.11111,-17.88889,58.22221999999999,0.29246890000000003,-2.0394914,PATH
95,57,9,0.0,0.0,1.8333327000000001,3.4111105999999998,2.1111107000000002,1.7185175,26.296296999999996,24.666666,34.444447,19.777779000000002,-4.888889,24.444445,-19.555555,34.444447,0.42569095,-1.7390173999999998,BRICKFACE
224,190,9,0.0,0.0,2.8888886,2.1361103,3.0000007,1.8499245999999998,47.48148,42.444443,58.66666800000001,41.333335999999996,-15.111111,33.555557,-18.444445,58.66666800000001,0.29562140000000003,-2.0259419999999997,PATH
169,199,9,0.0,0.0,1.277778,0.44305340000000004,1.277778,1.041722,14.518517999999998,11.111111,14.555554999999998,17.88889,-10.222222,0.11111111,10.111111,17.88889,0.37847343,2.6341755,GRASS
32,113,9,0.0,0.0,0.50000006,0.07777767,0.27777782,0.15185188,6.148148,7.222222299999999,7.777777700000001,3.4444443999999996,3.2222223,4.888889,-8.111111,7.888889,0.56349206,-1.175454,BRICKFACE
204,156,9,0.0,0.0,0.5000003,0.27888626,1.9999996,0.55777323,23.703703,17.333334,25.444445,28.333334000000004,-19.11111,5.222222299999999,13.888889,28.333334000000004,0.38903406,2.8649306,GRASS
190,162,9,0.0,0.0,2.1111107000000002,3.9851822999999995,13.944444,155.12964,41.333332,35.0,51.11111,37.88889,-19.0,29.333334000000004,-10.333333,51.333332,0.29847090000000004,-2.4946074,PATH
91,115,9,0.11111111,0.0,1.7222223,1.4407418,3.888889,2.8296306,19.925926,20.555555,24.11111,15.111111,1.8888888,12.555555,-14.444445000000002,24.11111,0.37532148,-1.4409626,BRICKFACE
166,222,9,0.0,0.0,1.5555555,0.83444345,1.1666665,0.6236094,10.481482000000002,8.666667,6.666666499999999,16.11111,-5.4444447,-11.444445,16.88889,16.11111,0.58765954,1.8704866999999998,GRASS
103,125,9,0.0,0.0,0.9444445,0.82775915,0.83333343,0.6912146,1.7777778000000002,0.44444445,3.8888887999999997,1.0,-4.0,6.3333335,-2.3333333,3.8888887999999997,0.9238095,-2.2375617,FOLIAGE
107,210,9,0.0,0.0,0.9444445,0.5962963000000001,1.8333335,0.65555495,15.111111,11.222222,14.222222,19.88889,-11.666667,-2.6666667,14.333332999999998,19.88889,0.43576914,2.4615993,GRASS
214,161,9,0.0,0.0,3.7222223,0.72963357,11.5,18.922234,40.444443,35.333335999999996,49.666668,36.333335999999996,-15.333332999999998,27.666665999999996,-12.333333,49.666668,0.29805613,-2.1989389999999998,PATH
90,116,9,0.0,0.0,1.277778,0.85418403,1.3333336,1.1352925,18.74074,11.777778,29.555555,14.888889,-20.88889,32.444443,-11.555555,29.555555,0.5961039,-2.2599666000000003,FOLIAGE
209,94,9,0.0,0.0,1.0000002000000001,0.7601168,0.6111111,0.49065334,9.111111,5.888889,15.222222,6.222222299999999,-9.666667,18.333334,-8.666667,15.222222,0.6197129,-2.1293402,WINDOW
223,62,9,0.0,0.0,0.3333334,0.29814243,0.44444442,0.50184846,6.4444447,4.111111,11.444445,3.7777777,-7.0,15.0,-8.0,11.444445,0.6703704,-2.0487173,WINDOW
11,200,9,0.0,0.0,3.1666667,3.0313182,3.9444447,2.480293,53.55555699999999,46.444443,67.333336,46.88889,-21.333334,41.333332,-20.0,67.333336,0.31303197,-2.1167326,PATH
184,145,9,0.0,0.0,0.9444445,0.49065363,1.7777778000000002,0.93491936,3.4074074999999997,2.3333334999999997,5.777777700000001,2.1111112000000003,-3.2222223,7.111111,-3.8888887999999997,5.777777700000001,0.65661377,-2.0365057,WINDOW
179,150,9,0.0,0.0,1.055555,0.1962963,1.7222223,1.6185163,18.925926,13.444445000000002,20.0,23.333334,-16.444445,3.2222223,13.222222,23.333334,0.42442176,2.7916744,GRASS
222,244,9,0.11111111,0.0,2.9444444,0.640741,2.2777777,2.151852,10.37037,9.666667,9.777778,11.666667,-2.1111112000000003,-1.7777778000000002,3.8888887999999997,11.888889,0.22648169,2.3233900000000003,GRASS
145,155,9,0.0,0.11111111,4.944444,35.618522999999996,9.944445,121.396286,11.296296,7.777777700000001,17.555555,8.555555,-10.555555,18.777779000000002,-8.222222,17.555555,0.74729437,-2.1405312999999997,WINDOW
14,120,9,0.0,0.0,0.3333333,0.13333331,0.44444442,0.29629624,1.5925926000000001,0.0,3.8888887999999997,0.8888889000000001,-4.777777700000001,6.888889,-2.1111112000000003,3.8888887999999997,1.0,-2.3157208,FOLIAGE
137,94,9,0.22222222,0.0,1.666667,0.7999998,3.666667,2.8888905,21.222220999999998,20.666667999999998,27.333334000000004,15.666667000000002,-1.6666666,18.333334,-16.666666,27.333334000000004,0.42781135,-1.627145,BRICKFACE
75,149,9,0.0,0.0,0.5,0.12222223,1.0555557,0.50740725,7.5185184000000005,5.5555553,11.888889,5.111111,-5.888889,13.111111,-7.222222299999999,11.888889,0.57870835,-2.0186307,BRICKFACE
2,114,9,0.0,0.0,0.8333333,0.12222227,0.27777782,0.06296296,1.7407408,0.7777778000000001,3.8888887999999997,0.5555555999999999,-2.8888887999999997,6.4444447,-3.5555556000000004,3.8888887999999997,0.88148147,-2.0270297999999998,FOLIAGE
18,70,9,0.0,0.11111111,9.444444,5.897896,9.944444,6.9487534,21.037036999999998,16.222223,26.666665999999996,20.222220999999998,-14.444445000000002,16.88889,-2.4444444,26.666665999999996,0.41583549999999997,-2.5142037999999998,FOLIAGE
7,203,9,0.11111111,0.11111111,3.8888881,2.8570898,5.4444447,2.7460412999999995,54.0,47.666668,67.66667,46.666668,-19.0,41.0,-22.0,67.66667,0.31489635,-2.0400128,PATH
98,144,9,0.0,0.0,0.22222221,0.029629647999999998,0.33333334,0.08888887,1.0,0.0,3.0,0.0,-3.0,6.0,-3.0,3.0,1.0,-2.0943952,FOLIAGE
103,125,9,0.0,0.0,0.9444445,0.82775915,0.83333343,0.6912146,1.7777778000000002,0.44444445,3.8888887999999997,1.0,-4.0,6.3333335,-2.3333333,3.8888887999999997,0.9238095,-2.2375617,FOLIAGE
202,193,9,0.0,0.0,1.111112,0.7503075,3.3888881,2.489236,41.703705,37.88889,50.666668,36.555557,-11.444445,26.888890000000004,-15.444445000000002,50.666668,0.27838665,-1.9929974999999998,PATH
220,124,9,0.0,0.0,0.22222221,0.029629631,0.44444442,0.07407406,0.8888889000000001,0.0,2.4444444,0.22222222,-2.6666667,4.6666665,-2.0,2.4444444,1.0,-2.1617603,FOLIAGE
38,200,9,0.0,0.0,3.4444447,2.125681,3.4444453999999998,1.2049288999999999,55.962963,49.0,70.22222,48.666668,-20.88889,42.77778,-21.88889,70.22222,0.3098264,-2.080206,PATH
17,64,9,0.0,0.0,1.4444443,1.3629619,1.6666664,1.4222221000000002,18.88889,17.555555,25.11111,14.0,-4.0,18.666666,-14.666667000000002,25.11111,0.44109204,-1.7555053,BRICKFACE
86,194,9,0.0,0.0,1.7777779999999999,1.2740743,1.8888888,0.38518524,16.777779000000002,13.222222,16.666667999999998,20.444445,-10.666667,-0.33333334,11.0,20.444445,0.35213172,2.5931067000000003,GRASS
243,166,9,0.0,0.0,0.61111116,0.3296294,0.72222203,0.32962978,13.370370000000001,11.222222,12.111111,16.777779000000002,-6.4444447,-3.7777777,10.222222,16.777779000000002,0.33051255,2.2642767000000004,GRASS
70,122,9,0.0,0.0,3.6666667,4.033196,4.111111,3.7810434999999996,19.88889,17.88889,25.11111,16.666667999999998,-6.0,15.666667000000002,-9.666667,26.444445,0.40249237,-1.5402138,FOLIAGE
88,211,9,0.22222222,0.0,1.388889,0.87981474,2.4444444,1.4555133999999998,10.814815,8.888889,7.666666499999999,15.888889,-5.777777700000001,-9.444445,15.222222,15.888889,0.52432793,1.9408314999999998,GRASS
130,189,9,0.0,0.0,0.8888889999999999,0.34074098,1.1666669,0.92222214,12.0,9.444445,10.111111,16.444445,-7.666666499999999,-5.6666665,13.333332999999998,16.444445,0.43944263,2.194143,GRASS
144,118,9,0.0,0.0,0.5555555999999999,0.38518524,0.66666657,0.4,6.4444447,7.5555553,8.111112,3.6666667,3.3333333,5.0,-8.333333,8.444445,0.5643298000000001,-1.1345428,BRICKFACE
16,128,9,0.0,0.0,0.5,0.077777766,0.66666675,0.31111118,5.5555553,6.888889,6.666666499999999,3.1111112000000003,4.0,3.3333333,-7.333333500000001,7.111111,0.56150794,-0.98581076,BRICKFACE
180,142,9,0.0,0.0,0.16666669,0.27888670000000004,0.11111111,0.17213261,0.11111111,0.0,0.33333334,0.0,-0.33333334,0.6666667,-0.33333334,0.33333334,0.22222222,-2.0943952,WINDOW
147,182,9,0.0,0.0,2.2777786,1.7051128,2.9444447,1.5974518999999998,43.592594,40.333335999999996,52.55555699999999,37.88889,-9.777778,26.888890000000004,-17.11111,52.55555699999999,0.27866945,-1.9191672,PATH
196,182,9,0.0,0.0,1.1666664,0.43333244,0.6111107,0.37407404,19.88889,16.88889,18.11111,24.666666,-9.0,-5.3333335,14.333332999999998,24.666666,0.31489658,2.2716928,GRASS
33,94,9,0.0,0.0,1.3333336,0.21081811,2.5555556,1.6420401000000002,5.888889,3.2222223,7.777777700000001,6.666666499999999,-8.0,5.6666665,2.3333333,7.777777700000001,0.60978836,-2.869948,FOLIAGE
223,150,9,0.0,0.0,0.0,0.0,0.0,0.0,0.0,0.0,0.0,0.0,0.0,0.0,0.0,0.0,0.0,0.0,WINDOW
208,34,9,0.0,0.0,1.7222224,1.7309811000000002,0.44444449999999996,0.50184834,14.444445000000002,10.777778,21.0,11.555555,-11.0,19.666666,-8.666667,21.0,0.479958,-2.1623826,WINDOW
206,12,9,0.0,0.0,2.6111112000000003,1.4819909,4.5,3.3582406000000002,11.444445,8.444445,17.666667999999998,8.222222,-9.0,18.666666,-9.666667,17.666667999999998,0.5437746999999999,-2.0644825,WINDOW
114,102,9,0.0,0.0,1.1111111999999999,1.2296298,1.1666665,0.8777780000000001,4.037037000000001,1.0,8.444445,2.6666667,-9.111111,13.222222,-4.111111,8.444445,0.8912177,-2.3161116,FOLIAGE
206,61,9,0.0,0.0,0.5555555,0.40368673,0.4999999,0.45946813,7.0740743,4.6666669999999995,12.222222,4.3333335,-7.222222299999999,15.444445000000002,-8.222222,12.222222,0.64589113,-2.0487173,WINDOW
83,96,9,0.0,0.0,0.49999967,0.45946804,0.6666663,0.5163983,19.592592,15.222222,28.444445,15.111111,-13.111111,26.555555,-13.444445000000002,28.444445,0.47276450000000003,-2.0860833999999997,WINDOW
64,114,9,0.0,0.0,5.1666669999999995,6.320163,8.833333,8.66859,29.814815999999997,18.333334,47.22222,23.88889,-34.444443,52.22222,-17.777779000000002,47.22222,0.62924504,-2.2953806,FOLIAGE
152,155,9,0.0,0.0,0.5,0.61111104,10.777778,131.80739,7.296296000000001,5.3333335,11.0,5.5555553,-5.888889,11.111111,-5.222222299999999,11.0,0.5,-2.115567,WINDOW
251,195,9,0.0,0.0,2.944444,2.8784,3.833334,2.3546652999999997,47.925926000000004,42.555557,59.22221999999999,42.0,-16.11111,33.88889,-17.777779000000002,59.22221999999999,0.29187490000000005,-2.0567336,PATH
37,114,9,0.33333334,0.0,1.388889,2.0185165,3.8888884,3.7629619,17.222220999999998,19.0,20.11111,12.555555,5.3333335,8.666667,-14.0,20.555555,0.39369074,-1.1766617,BRICKFACE
14,117,9,0.0,0.0,0.33333325,0.13333334,0.5555555999999999,0.07407414,5.777777700000001,6.3333335,7.5555553,3.4444443999999996,1.6666666,5.3333335,-7.0,7.5555553,0.5436508000000001,-1.353896,BRICKFACE
113,114,9,0.0,0.0,0.94444466,0.5074079,0.33333364,0.08888922,25.814816,21.0,34.666668,21.777779000000002,-14.444445000000002,26.555555,-12.111111,34.666668,0.39392713,-2.1527397999999995,WINDOW
133,181,9,0.0,0.0,2.3888892999999998,2.1645303,4.7777769999999995,2.8648567000000003,41.25926,37.77778,49.555557,36.444443,-10.444445,24.88889,-14.444445000000002,49.555557,0.26561940000000006,-1.9983681,PATH
34,164,9,0.0,0.0,0.8888889999999999,0.40368673,1.2777778,0.49065349,11.333333,9.222222,10.333333999999999,14.444445000000002,-6.3333335,-3.0,9.333333,14.444445000000002,0.367923,2.291118,GRASS
99,184,9,0.0,0.0,1.8333327000000001,3.2777792999999997,7.944443,63.35185,31.518518,27.777779,38.77778,28.0,-11.222222,21.777779000000002,-10.555555,38.77778,0.28044972,-2.1831248,PATH
227,195,9,0.11111111,0.0,2.5,2.2385526000000002,3.5000007000000006,2.8886762000000004,47.74074,42.77778,58.55555699999999,41.88889,-14.888889,32.444443,-17.555555,58.55555699999999,0.28449497,-2.038956,PATH
196,100,9,0.0,0.0,7.277777,83.351845,5.777778,68.87406,8.148149,4.6666669999999995,13.333332999999998,6.4444447,-10.444445,15.555554999999998,-5.111111,13.333332999999998,0.7380342,-2.2898737999999996,FOLIAGE
120,108,9,0.11111111,0.0,0.611111,0.6407408,0.9444440000000001,0.1518519,21.925926,21.0,28.222221,16.555555,-2.7777777,18.88889,-16.11111,28.222221,0.41213372,-1.6835289,BRICKFACE
5,210,9,0.0,0.11111111,2.1666672,1.6699982,4.444444,2.613356,51.296295,45.444443,64.333336,44.11111,-17.555555,39.11111,-21.555555,64.333336,0.3175664,-2.0208955,PATH
168,209,9,0.0,0.0,1.3333334,0.6666665,0.7222217,0.7123257,22.518518,17.666667999999998,20.88889,29.0,-14.555554999999998,-4.888889,19.444445,29.0,0.39033788,2.3893912,GRASS
86,140,9,0.0,0.0,5.444444,4.7687263,3.0555556,2.6784467999999997,9.925925999999999,6.0,15.111111,8.666667,-11.777778,15.555554999999998,-3.7777777,15.111111,0.627944,-2.417818,FOLIAGE
123,187,9,0.0,0.0,2.6666667,1.8499243000000003,3.4444440000000003,1.6555183,58.66666800000001,52.55555699999999,72.55556,50.88889,-18.333334,41.666668,-23.333334,72.55556,0.29855335,-2.0135245,PATH
121,120,9,0.0,0.0,0.9444445,0.250924,0.72222215,0.8798147,3.5185184,1.1111111999999999,6.5555553,2.8888887999999997,-7.222222299999999,9.111111,-1.8888888,6.5555553,0.8399471,-2.4337952,FOLIAGE
23,142,9,0.0,0.0,0.38888893,0.10740739999999999,0.9444444,0.37407392,5.037037000000001,6.5555553,5.777777700000001,2.7777777,4.5555553,2.2222223,-6.777777700000001,6.5555553,0.57473546,-0.8297117,BRICKFACE
200,193,9,0.0,0.0,2.555556,2.0403337,4.6111107,3.5926886,41.185184,37.444443,50.0,36.11111,-11.222222,26.444445,-15.222222,50.0,0.27987626,-1.9958013,PATH
189,141,9,0.0,0.0,0.0,0.0,0.0,0.0,0.0,0.0,0.0,0.0,0.0,0.0,0.0,0.0,0.0,0.0,WINDOW
223,175,9,0.0,0.0,3.7777786,3.1245742,7.166668,4.68923,57.851852,50.77778,72.77778,50.0,-21.222220999999998,44.77778,-23.555555,72.77778,0.31283396,-2.05935,PATH
96,236,9,0.0,0.0,1.7222221999999998,3.8407410000000004,1.7222223,1.1296297,13.962963,10.777778,12.444445,18.666667999999998,-9.555555,-4.5555553,14.111111,18.666667999999998,0.42423514,2.3206298,GRASS
191,162,9,0.0,0.0,2.6111114,1.8851837,14.166667000000002,210.92222999999998,40.962963,34.88889,50.11111,37.88889,-18.222220999999998,27.444445,-9.222222,50.666668,0.298124,-2.555683,PATH
212,239,9,0.0,0.0,1.9444443,1.4516913,2.3333333,2.8205595000000003,10.37037,7.666666499999999,9.666667,13.777778,-8.111111,-2.1111112000000003,10.222222,13.777778,0.4459687,2.4263784999999998,GRASS
241,137,9,0.0,0.11111111,4.277778,18.685184,3.8333333,37.500004,5.0,2.5555556,9.0,3.4444443999999996,-7.333333500000001,12.0,-4.6666665,9.0,0.8374780000000001,-2.1939669,FOLIAGE
196,129,9,0.0,0.0,0.83333325,0.43333334,0.6666667,0.17777774,6.3333335,7.888889,7.333333500000001,3.7777777,4.6666665,3.0,-7.666666499999999,8.222222,0.54012346,-0.9327825999999999,BRICKFACE
35,42,9,0.11111111,0.0,1.0555558999999999,0.1518514,1.388889,0.5074065999999999,22.592592,20.0,31.111109999999996,16.666667999999998,-7.777777700000001,25.555555,-17.777779000000002,31.111109999999996,0.46275216,-1.8424938999999998,BRICKFACE
159,111,9,0.0,0.0,0.44444449999999996,0.074074045,0.61111116,0.1518519,5.9259257000000005,7.666666499999999,6.888889,3.2222223,5.222222299999999,2.8888887999999997,-8.111111,7.666666499999999,0.5813491999999999,-0.87266606,BRICKFACE
104,122,9,0.0,0.0,0.44444449999999996,0.02962958,0.4999999,0.16666660000000003,6.4074073,8.111112,7.222222299999999,3.8888887999999997,5.111111,2.4444444,-7.5555553,8.111112,0.52006173,-0.8321195,BRICKFACE
222,189,9,0.0,0.0,0.833333,1.0055403,1.0000006,1.1925697,17.296297,14.555554999999998,14.111111,23.222220999999998,-8.222222,-9.555555,17.777779000000002,23.222220999999998,0.41042024,2.0604427,GRASS
61,197,9,0.0,0.0,1.4444441000000001,1.5153533000000001,2.6111107000000002,1.9254633999999997,49.592594,44.22222,61.55555699999999,43.0,-16.11111,35.88889,-19.777779000000002,61.55555699999999,0.30292457,-2.0222743000000003,PATH
189,187,9,0.0,0.0,1.2222226999999999,1.0036974,3.0555553,2.3890192999999997,48.51852,44.11111,59.88889,41.555557,-13.222222,34.11111,-20.88889,59.88889,0.30575457,-1.9474715,PATH
22,133,9,0.0,0.0,0.0,0.0,0.0,0.0,0.0,0.0,0.0,0.0,0.0,0.0,0.0,0.0,0.0,0.0,FOLIAGE
28,204,9,0.0,0.0,2.0000006999999997,1.7638338,3.222222,2.0834446,55.88889,49.77778,69.22222,48.666668,-18.333334,40.0,-21.666666,69.22222,0.29685017,-2.0373702000000002,PATH
242,164,9,0.11111111,0.0,0.38888898,0.534027,3.222223,1.0470421,19.814816,15.111111,18.777779000000002,25.555555,-14.111111,-3.1111112000000003,17.222220999999998,25.555555,0.40952933,2.4598063999999997,GRASS
77,135,9,0.0,0.0,0.22222221,0.029629624,0.22222221,0.029629624,0.7777778000000001,0.0,2.3333334999999997,0.0,-2.3333333,4.6666665,-2.3333333,2.3333334999999997,1.0,-2.0943952,WINDOW
37,104,9,0.0,0.0,7.8333325,9.713106,22.111109,21.618579999999998,18.62963,14.888889,23.444445,17.555555,-11.222222,14.444445000000002,-3.2222223,23.444445,0.6076133,-2.4250697999999997,FOLIAGE
2,88,9,0.0,0.0,3.611111,7.218519000000001,2.4999998,5.855556,7.777777700000001,3.5555556000000004,13.333332999999998,6.4444447,-12.666667,16.666666,-4.0,13.333332999999998,0.7547033000000001,-2.3944926,FOLIAGE
28,188,9,0.0,0.0,1.4444441000000001,1.4962955,5.111111,19.007412,29.962963000000002,26.888890000000004,36.444443,26.555555,-9.222222,19.444445,-10.222222,36.444443,0.2758629,-2.083566,PATH
186,173,9,0.0,0.0,1.4444445,0.82963055,2.1111114,1.9851853,17.148148000000003,13.555554999999998,15.555554999999998,22.333334,-10.777778,-4.777777700000001,15.555554999999998,22.333334,0.39643326,2.332739,GRASS
187,162,9,0.0,0.0,1.500001,1.1444442,11.666667,73.1111,43.22222,36.77778,53.66666800000001,39.22222,-19.333334,31.333334000000004,-12.0,53.66666800000001,0.30018225,-2.3916814,PATH
238,211,9,0.11111111,0.0,1.0555558999999999,0.49065375,1.6111113000000001,1.2546215,20.518518,16.11111,19.222220999999998,26.222221,-13.222222,-3.8888887999999997,17.11111,26.222221,0.38528243,2.4163542000000002,GRASS
237,106,9,0.0,0.0,0.9444444,0.15185204,0.8333333,0.47777775,2.4074075,0.44444445,6.111111,0.6666667,-5.888889,11.111111,-5.222222299999999,6.111111,0.9404761999999999,-2.133095,FOLIAGE
79,57,9,0.0,0.0,1.7222223,1.6185173000000002,1.9444447,1.9740733,26.814815999999997,24.0,36.22222,20.222220999999998,-8.444445,28.222221,-19.777779000000002,36.22222,0.44050935,-1.8376744999999999,BRICKFACE
166,154,9,0.0,0.0,0.11111113,0.029629637,0.44444445,0.074074075,0.7037036999999999,0.22222222,1.8888888,0.0,-1.4444443999999999,3.5555556000000004,-2.1111112000000003,1.8888888,1.0,-2.0175102,WINDOW
20,189,9,0.0,0.0,1.7222229,1.7518526,2.666667,3.822227,34.11111,30.111109999999996,42.77778,29.444445,-12.0,26.0,-14.0,42.77778,0.30988368,-2.0442774,PATH
9,92,9,0.0,0.0,1.3888886999999999,2.4185164,2.4999998,0.87777764,19.074074,18.777779000000002,24.11111,14.333332999999998,-0.8888889000000001,15.111111,-14.222222,24.11111,0.40102458,-1.5705878999999998,BRICKFACE
142,111,9,0.0,0.0,1.1111113000000001,0.45541987,0.55555534,0.34426492,28.740740000000002,24.555555,35.88889,25.777779000000002,-12.555555,21.444445,-8.888889,35.88889,0.31548372,-2.2026672,WINDOW
47,127,9,0.0,0.0,1.166667,0.9603239,1.0555558999999999,0.49065298,17.592592,9.0,30.111109999999996,13.666667000000002,-25.777779000000002,37.555557,-11.777778,30.111109999999996,0.70147634,-2.326275,FOLIAGE
149,64,9,0.0,0.0,1.4999996000000002,1.1444446000000001,1.3888886999999999,0.46296337,24.074074,22.666666,31.888890000000004,17.666667999999998,-4.222222299999999,23.444445,-19.222220999999998,31.888890000000004,0.4463545,-1.7248944,BRICKFACE
164,178,9,0.22222222,0.0,1.3888886999999999,0.86296487,2.5000002,1.4555563,23.814816,20.222220999999998,21.11111,30.111109999999996,-10.777778,-8.111111,18.88889,30.111109999999996,0.32921228,2.1903052000000005,GRASS
206,61,9,0.0,0.0,0.5555555,0.40368673,0.4999999,0.45946813,7.0740743,4.6666669999999995,12.222222,4.3333335,-7.222222299999999,15.444445000000002,-8.222222,12.222222,0.64589113,-2.0487173,WINDOW
226,144,9,0.0,0.0,0.0,0.0,0.0,0.0,0.0,0.0,0.0,0.0,0.0,0.0,0.0,0.0,0.0,0.0,WINDOW
10,137,9,0.0,0.0,0.5555555,0.07407411,0.27777779999999996,0.018518511,0.9259259,0.11111111,2.6666667,0.0,-2.4444444,5.222222299999999,-2.7777777,2.6666667,1.0,-2.0561552,WINDOW
223,62,9,0.0,0.0,0.3333334,0.29814243,0.44444442,0.50184846,6.4444447,4.111111,11.444445,3.7777777,-7.0,15.0,-8.0,11.444445,0.6703704,-2.0487173,WINDOW
58,125,9,0.0,0.0,2.1666667,1.1105558999999998,1.0555558999999999,0.90472007,18.555555,11.111111,30.666665999999996,13.888889,-22.333334,36.333332,-14.0,30.666665999999996,0.6384555000000001,-2.2419562,FOLIAGE
57,119,9,0.0,0.0,2.2777773999999997,2.0266733,1.7777777,1.721326,20.592592,12.222222,33.666668,15.888889,-25.11111,39.22222,-14.111111,33.666668,0.6356236,-2.2681484,FOLIAGE
42,200,9,0.0,0.0,0.5555555,0.42962959999999994,0.44444433,0.25185174,7.703703999999999,5.777777700000001,5.888889,11.444445,-5.777777700000001,-5.4444447,11.222222,11.444445,0.5153199,2.1072599999999997,GRASS
93,236,9,0.11111111,0.0,1.7777777,2.6962965,1.9999999,0.93333334,12.518517999999998,9.555555,10.777778,17.222223,-8.888889,-5.222222299999999,14.111111,17.222223,0.44724658,2.2671973999999997,GRASS
166,36,9,0.0,0.0,0.0,0.0,0.0,0.0,0.0,0.0,0.0,0.0,0.0,0.0,0.0,0.0,0.0,0.0,WINDOW
238,162,9,0.22222222,0.0,0.94444466,0.7123257,2.666667,0.73029745,19.0,15.777778,17.333334,23.88889,-9.666667,-5.0,14.666667000000002,23.88889,0.34003016,2.2914152000000003,GRASS
235,88,9,0.0,0.0,0.6111111,0.24074072,0.9444445,0.32962963,2.7777777,0.44444445,6.4444447,1.4444443999999999,-7.0,11.0,-4.0,6.4444447,0.93849206,-2.2695446,FOLIAGE
176,233,9,0.11111111,0.0,1.4444443,1.1482676,2.611111,1.9022400000000002,12.481482000000002,10.333333999999999,8.333333999999999,18.777779000000002,-6.4444447,-12.444445,18.88889,18.777779000000002,0.5548810000000001,1.9036856,GRASS
76,106,9,0.0,0.0,1.8333334,3.5444427000000003,2.2222223,3.718517,3.6666667,1.0,7.888889,2.1111112000000003,-8.0,12.666667,-4.6666665,7.888889,0.9035714,-2.2555406000000002,FOLIAGE
140,103,9,0.11111111,0.0,2.166666,3.4111135000000004,1.8333334,2.1666677000000005,21.851851999999997,21.222220999999998,28.0,16.333334,-1.8888888,18.444445,-16.555555,28.0,0.41623859999999996,-1.6343956,BRICKFACE
75,59,9,0.0,0.0,1.0555553,0.7740732,2.944445,2.5518503,25.074074,22.333334,34.333335999999996,18.555555,-8.222222,27.777779,-19.555555,34.333335999999996,0.45942742,-1.8363283,BRICKFACE
166,182,9,0.0,0.0,3.0555553,4.213295,3.9999992999999994,2.3664315,58.40740600000001,52.55555699999999,72.55556,50.11111,-17.555555,42.444443,-24.88889,72.55556,0.3112005,-1.9784945999999999,PATH
16,246,9,0.11111111,0.0,2.3888887999999997,1.0851847,1.7222220000000001,1.7518522,9.407408,9.555555,10.111111,8.555555,0.44444445,2.1111112000000003,-2.5555556,10.333333999999999,0.16335146,-1.1905607,GRASS
210,153,9,0.0,0.0,0.0,0.0,0.0,0.0,0.0,0.0,0.0,0.0,0.0,0.0,0.0,0.0,0.0,0.0,WINDOW
114,184,9,0.0,0.0,0.7222225999999999,0.32962984,9.388888,28.951855,31.185184000000003,28.444445,37.11111,28.0,-8.222222,17.777779000000002,-9.555555,37.11111,0.23234288,-2.1603296000000003,PATH
23,92,9,0.0,0.11111111,4.111111,4.63641,7.0,5.688196,12.666667,8.777778,18.666667999999998,10.555555,-11.666667,18.0,-6.3333335,18.666667999999998,0.56489813,-2.2805607000000006,FOLIAGE
61,202,9,0.0,0.0,2.2777773999999997,1.8787305,1.8888886999999999,1.0036966999999999,61.629630000000006,55.0,76.0,53.88889,-19.88889,43.11111,-23.222220999999998,76.0,0.29352704,-2.0435379,PATH
225,90,9,0.0,0.0,0.38888893,0.2509241,0.55555564,0.45542005,6.5925927,4.6666669999999995,11.222222,3.8888887999999997,-5.777777700000001,13.888889,-8.111111,11.222222,0.65115255,-1.987466,WINDOW
108,113,9,0.0,0.0,0.44444442,0.20740740000000002,0.44444442,0.11851859,5.5185184000000005,6.888889,6.666666499999999,3.0,4.111111,3.4444443999999996,-7.5555553,6.888889,0.56613755,-0.9893081,BRICKFACE
28,188,9,0.0,0.0,1.4444441000000001,1.4962955,5.111111,19.007412,29.962963000000002,26.888890000000004,36.444443,26.555555,-9.222222,19.444445,-10.222222,36.444443,0.2758629,-2.083566,PATH
105,110,9,0.0,0.0,0.5,0.12222223,1.9444445,2.3740728,4.222222299999999,4.3333335,6.3333335,2.0,0.33333334,6.3333335,-6.666666499999999,6.3333335,0.7083333,-1.5397618999999998,BRICKFACE
4,201,9,0.0,0.22222222,2.722222,1.6788458,5.2222214000000005,3.1245742,53.70370500000001,47.11111,67.22222,46.77778,-19.777779000000002,40.555557,-20.777779000000002,67.22222,0.30885938,-2.0752265,PATH
55,80,9,0.11111111,0.0,1.833333,4.3,1.8333334,1.0999995,7.0740743,2.8888887999999997,12.444445,5.888889,-12.555555,16.11111,-3.5555556000000004,12.444445,0.77528197,-2.4175172000000003,FOLIAGE
77,124,9,0.0,0.0,0.50000006,0.12222217,0.6111111,0.06296294,5.111111,6.888889,5.6666665,2.7777777,5.3333335,1.6666666,-7.0,6.888889,0.59589946,-0.7526691999999999,BRICKFACE
206,64,9,0.0,0.0,0.055555504000000006,0.13608263,0.27777776,0.13608277,5.703704,3.6666667,10.333333999999999,3.1111112000000003,-6.111111,13.888889,-7.777777700000001,10.333333999999999,0.6979798,-2.015428,WINDOW
140,247,9,0.0,0.0,2.5000002,3.1888885,2.6666667,3.5555550000000005,8.111111,6.0,5.888889,12.444445,-6.3333335,-6.666666499999999,13.0,12.444445,0.5634669,2.1178858,GRASS
93,231,9,0.0,0.0,2.4444444,2.42963,2.6666667,3.1555562000000004,12.296296,8.777778,11.111111,17.0,-10.555555,-3.5555556000000004,14.111111,17.0,0.48521596,2.3913069,GRASS
4,248,9,0.0,0.0,3.333334,1.8135293000000001,3.2222226000000003,1.2590408000000002,19.555555,15.555554999999998,16.666667999999998,26.444445,-12.0,-8.666667,20.666666,26.444445,0.42215064,2.205099,GRASS
158,186,9,0.0,0.0,0.88888884,0.3407409,1.4999999,1.8111099,12.074074000000001,9.333333999999999,10.777778,16.11111,-8.222222,-3.8888887999999997,12.111111,16.11111,0.42886450000000004,2.3195195,GRASS
189,141,9,0.0,0.0,0.0,0.0,0.0,0.0,0.0,0.0,0.0,0.0,0.0,0.0,0.0,0.0,0.0,0.0,WINDOW
139,187,9,0.0,0.0,2.055556,1.1238163,1.8333334,1.0697875,60.44444300000001,53.66666800000001,74.77778,52.88889,-20.333334,43.0,-22.666666,74.77778,0.29269224,-2.0582106,PATH
230,98,9,0.0,0.0,0.38888884,0.15185185,0.38888887,0.06296294,1.4074073999999999,0.0,4.111111,0.11111111,-4.222222299999999,8.111111,-3.8888887999999997,4.111111,1.0,-2.1137194999999998,FOLIAGE
104,191,9,0.0,0.0,3.222222,1.9739053,3.777778,2.9033842,63.074073999999996,55.33333199999999,79.22222,54.66666800000001,-23.222220999999998,48.444443,-25.222220999999998,79.22222,0.31158692,-2.0659478,PATH
214,236,9,0.0,0.0,0.5,0.25555578,3.7777773999999997,1.3629639,16.592592,12.888889,14.666667000000002,22.222220999999998,-11.111111,-5.777777700000001,16.88889,22.222220999999998,0.41959706,2.3066785,GRASS
5,101,9,0.0,0.0,2.3333333,2.3111115,1.7777777,0.60740685,16.925926,18.333334,19.88889,12.555555,4.222222299999999,8.888889,-13.111111,20.222220999999998,0.37685209999999997,-1.2111098,BRICKFACE
253,192,9,0.0,0.0,2.1666667,2.0083156000000004,2.5555553,1.5444031999999999,47.51852,42.333335999999996,59.22221999999999,41.0,-15.555554999999998,35.11111,-19.555555,59.22221999999999,0.30747290000000005,-2.020234,PATH
23,113,9,0.0,0.0,0.611111,0.28518534,0.6666666,0.48888886,1.4074073999999999,0.11111111,3.4444443999999996,0.6666667,-3.8888887999999997,6.111111,-2.2222223,3.4444443999999996,0.9814815,-2.2375617,FOLIAGE
30,251,9,0.0,0.0,2.444444,1.8816857,8.0,1.6055424999999999,20.666666,21.444445,17.777779000000002,22.777779000000002,2.3333333,-8.666667,6.3333335,22.777779000000002,0.23141664,1.2870603999999999,GRASS
79,154,9,0.0,0.0,1.1111111999999999,1.5851848999999998,0.16666669,0.07777777,0.7407406999999999,0.44444445,1.5555556000000001,0.22222222,-0.8888889000000001,2.4444444,-1.5555556000000001,1.5555556000000001,0.2888889,-1.9196393,WINDOW
241,145,9,0.0,0.0,0.0,0.0,0.0,0.0,0.0,0.0,0.0,0.0,0.0,0.0,0.0,0.0,0.0,0.0,WINDOW
56,141,9,0.0,0.0,0.16666669,0.18257418,0.33333337,-1.5894573e-08,0.18518518,0.0,0.5555555999999999,0.0,-0.5555555999999999,1.1111111999999999,-0.5555555999999999,0.5555555999999999,0.5555555999999999,-2.0943952,WINDOW
85,101,9,0.0,0.0,1.3333334,1.2888881,1.2777777,1.2185181,21.296297,21.222220999999998,26.777779,15.888889,-0.22222222,16.444445,-16.222220999999998,26.777779,0.4047922,-1.5585992,BRICKFACE
151,114,9,0.0,0.0,0.6111111,0.19629627,1.0000001,0.53333306,6.222222299999999,7.5555553,7.4444447,3.6666667,4.0,3.6666667,-7.666666499999999,7.888889,0.53791887,-1.0108004000000002,BRICKFACE
231,124,9,0.0,0.0,3.4444447,14.962964999999999,1.8333334,6.4333352999999995,3.0,1.4444443999999999,5.888889,1.6666666,-4.6666665,8.666667,-4.0,5.888889,0.8953690000000001,-2.118937,FOLIAGE
204,131,9,0.0,0.0,0.11111111,0.17213261,0.11111111,0.17213261,0.22222222,0.0,0.6666667,0.0,-0.6666667,1.3333334,-0.6666667,0.6666667,0.6666667,-2.0943952,WINDOW
103,130,9,0.0,0.0,0.33333334,0.0,0.27777776,0.38968173,0.7777778000000001,0.0,2.3333334999999997,0.0,-2.3333333,4.6666665,-2.3333333,2.3333334999999997,1.0,-2.0943952,FOLIAGE
6,90,9,0.0,0.0,1.9444447,0.5962961999999999,1.3333336,1.8222237000000001,18.11111,18.777779000000002,22.11111,13.444445000000002,2.0,12.0,-14.0,22.11111,0.38846022,-1.4258847,BRICKFACE
249,207,9,0.22222222,0.0,2.7222226000000003,0.9289574,0.8888889999999999,0.27216536,12.148149,9.555555,10.333333999999999,16.555555,-7.777777700000001,-5.4444447,13.222222,16.555555,0.43238926,2.2172632,GRASS
80,116,9,0.0,0.0,1.5,1.6333328,1.5555557,0.87407404,21.703703,21.222220999999998,27.555555,16.333334,-1.4444443999999999,17.555555,-16.11111,27.555555,0.40736422,-1.6322426,BRICKFACE
58,109,9,0.0,0.0,0.8888889000000001,0.25185165,2.8333333,1.677777,4.296296,1.4444443999999999,8.444445,3.0,-8.555555,12.444445,-3.8888887999999997,8.444445,0.8644824000000001,-2.2837872999999997,FOLIAGE
187,180,9,0.0,0.0,4.055556,2.9845276000000003,3.3333333,3.19722,62.074073999999996,54.88889,77.55556,53.77778000000001,-21.555555,46.444443,-24.88889,77.55556,0.30690557,-2.0441787000000002,PATH
103,216,9,0.0,0.0,1.4999999,0.56666666,0.8333332,1.1888888000000002,7.0740743,5.111111,5.0,11.111111,-5.888889,-6.222222299999999,12.111111,11.111111,0.59312356,2.0792952000000002,GRASS
146,140,9,0.0,0.0,1.0555557,0.46296309999999996,1.0000001,0.57777774,6.3333335,7.888889,7.333333500000001,3.7777777,4.6666665,3.0,-7.666666499999999,8.222222,0.537017,-0.9092674000000001,BRICKFACE
207,217,9,0.0,0.0,0.77777785,0.47407398,2.0555556,0.9074081,6.296296,5.0,4.222222299999999,9.666667,-3.8888887999999997,-6.222222299999999,10.111111,9.666667,0.58261186,1.9761381999999998,GRASS
39,137,9,0.0,0.0,0.2222222,0.029629627000000002,0.27777776,0.10740739999999999,1.3703703999999999,0.0,4.111111,0.0,-4.111111,8.222222,-4.111111,4.111111,1.0,-2.0943952,WINDOW
62,223,9,0.0,0.0,2.5,5.7222230000000005,1.6666666,2.4444442000000004,6.666666499999999,4.888889,4.6666669999999995,10.444445,-5.3333335,-6.0,11.333333,10.444445,0.5931498000000001,2.0465877,GRASS
178,35,9,0.0,0.0,0.44444449999999996,0.34426528,0.38888870000000003,0.25092396,13.481482000000002,10.333333999999999,19.222220999999998,10.888889,-9.444445,17.222220999999998,-7.777777700000001,19.222220999999998,0.45928789999999997,-2.1533325,WINDOW
108,144,9,0.0,0.0,0.38888893,0.15185183,0.22222222,0.07407406,0.9629629999999999,0.0,2.8888887999999997,0.0,-2.8888887999999997,5.777777700000001,-2.8888887999999997,2.8888887999999997,1.0,-2.0943952,FOLIAGE
77,185,9,0.0,0.0,2.944445,7.6629586,6.2222214000000005,32.118522999999996,32.555557,29.222221,39.666668,28.777779,-10.0,21.333334,-11.333333,39.666668,0.27036038,-2.0852716,PATH
59,141,9,0.11111111,0.0,2.3888887999999997,1.5408030000000001,2.1666667,1.278019,12.666667,7.888889,18.555555,11.555555,-14.333332999999998,17.666666,-3.3333333,18.555555,0.58577543,-2.4515712000000005,FOLIAGE
29,85,9,0.0,0.0,2.833333,2.9420328,2.3888887999999997,3.0508046,4.0740742999999995,2.1111112000000003,6.777777700000001,3.3333333,-5.888889,8.111111,-2.2222223,6.777777700000001,0.76296294,-2.3698634999999997,FOLIAGE
159,83,9,0.0,0.0,0.38888870000000003,0.25092387,0.27777734,0.2509239,18.222220999999998,13.333332999999998,26.888890000000004,14.444445000000002,-14.666667000000002,26.0,-11.333333,26.888890000000004,0.5038100000000001,-2.178321,WINDOW
9,236,9,0.0,0.0,1.8333335,3.4555559999999996,3.0555553,5.5296316,11.074074000000001,9.444445,9.444445,14.333332999999998,-4.888889,-4.888889,9.777778,14.333332999999998,0.37655354,2.0832295,GRASS
97,123,9,0.0,0.0,0.38888887,0.01851856,0.16666666,0.077777766,1.1481482,0.0,3.4444443999999996,0.0,-3.4444443999999996,6.888889,-3.4444443999999996,3.4444443999999996,1.0,-2.0943952,FOLIAGE
36,243,9,0.11111111,0.0,1.888889,1.8518512999999999,2.0,0.7111104,13.333332999999998,9.888889,12.111111,18.0,-10.333333,-3.6666667,14.0,18.0,0.4522286,2.3683104999999998,GRASS
164,202,9,0.11111111,0.0,1.4999999,1.8226963999999999,1.6111111999999999,0.82775855,15.111111,12.0,14.777778,18.555555,-9.333333,-1.0,10.333333,18.555555,0.35402012,2.5227482000000006,GRASS
52,170,9,0.0,0.0,0.55555564,0.4554201,0.94444436,0.38968262,25.444445,20.11111,25.333334,30.888890000000004,-16.0,-0.33333334,16.333334,30.888890000000004,0.34911168,2.6040132000000002,GRASS
187,36,9,0.0,0.0,0.38888884,0.2509243,0.4999999,0.2788868,7.5185184000000005,4.777777700000001,13.0,4.777777700000001,-8.222222,16.444445,-8.222222,13.0,0.6486569000000001,-2.0972927,WINDOW
35,112,9,0.11111111,0.0,0.88888913,0.2962967,0.55555564,0.16296294,16.185184,12.111111,23.88889,12.555555,-12.222222,23.11111,-10.888889,23.88889,0.492526,-2.1333125,WINDOW
131,144,9,0.0,0.0,0.0,0.0,0.0,0.0,0.0,0.0,0.0,0.0,0.0,0.0,0.0,0.0,0.0,0.0,WINDOW
107,129,9,0.0,0.0,0.55555564,0.56296325,0.8888889000000001,0.8740743000000001,6.666666499999999,8.444445,7.5555553,4.0,5.3333335,2.6666667,-8.0,8.444445,0.53055555,-0.8439042999999999,BRICKFACE
204,161,9,0.0,0.0,1.2777798999999999,0.5074075,9.222222,73.0963,44.074073999999996,38.0,54.55555699999999,39.666668,-18.222220999999998,31.444445,-13.222222,54.55555699999999,0.30810429999999994,-2.2382925,PATH
221,107,9,0.0,0.0,1.1666666,0.2111112,0.83333325,0.34444440000000004,2.2222223,0.33333334,5.3333335,1.0,-5.6666665,9.333333,-3.6666667,5.3333335,0.94708997,-2.2263546,FOLIAGE
93,147,9,0.0,0.0,3.0555553,3.5864974999999997,3.5555553,3.2157025000000004,7.703703999999999,6.4444447,9.888889,6.777777700000001,-3.7777777,6.5555553,-2.7777777,9.888889,0.34947090000000003,-2.0645137,FOLIAGE
108,111,9,0.0,0.0,0.5555555,0.16296291,2.5555553,0.38518727,3.8148148,4.111111,5.5555553,1.7777778000000002,0.8888889000000001,5.222222299999999,-6.111111,5.5555553,0.7156085,-1.4372399,BRICKFACE
139,109,9,0.0,0.0,0.88888866,0.8344436,0.277778,0.38968176,29.407408,24.777779000000002,37.11111,26.333334000000004,-13.888889,23.11111,-9.222222,37.11111,0.33195418,-2.2261610000000003,WINDOW
54,133,9,0.0,0.0,1.5555557,1.0074074,0.50000006,0.3444443,5.3703704000000005,3.6666667,9.0,3.4444443999999996,-5.111111,10.888889,-5.777777700000001,9.0,0.6304714,-2.0480003,WINDOW
237,91,9,0.0,0.0,0.61111087,0.018518543000000002,0.61111087,0.19629624,12.148149,7.5555553,20.666667999999998,8.222222,-13.777778,25.555555,-11.777778,20.666667999999998,0.63446367,-2.1475708,WINDOW
232,126,9,0.0,0.11111111,2.3888887999999997,11.885187,1.2222223,6.296296599999999,1.5185186000000002,0.44444445,3.5555556000000004,0.5555555999999999,-3.2222223,6.111111,-2.8888887999999997,3.5555556000000004,0.96581197,-2.1073034,FOLIAGE
